{
  "logical_height": 384,
  "infiniburn": "#minecraft:infiniburn_overworld",
  "effects": "minecraft:the_nether",
  "ambient_light": 0.02,
  "respawn_anchor_works": false,
  "has_raids": true,
  "min_y": -64,
  "height": 384,
  "natural": false,
  "coordinate_scale": 5.0,
  "piglin_safe": false,
  "bed_works": true,
  "fixed_time": 18000,
  "has_ceiling": true,
  "has_skylight": false,
  "monster_spawn_block_light_limit": 0,
  "monster_spawn_light_level": {
    "type": "minecraft:uniform",
    "value": {
      "max_inclusive": 7,
      "min_inclusive": 0
    }
  },
  "ultrawarm": false
}
