{
  "depth": 0.3,
  "scale": 0.1,
  "precipitation": "rain",
  "category": "taiga",
  "temperature": 0.3,
  "temperature_modifier": "none",
  "downfall": 0.5,
  "player_spawn_friendy": true,
  "creature_spawn_probability": 0.0,
  "effects": {
    "fog_color": 15857663,
    "sky_color": 14348799,
    "water_color": 11587583,
    "water_fog_color": 11598079,
    "ambient_sound": "minecraft:ambient.crimson_forest.loop",
    "music": {
      "sound": "minecraft:music.nether.crimson_forest",
      "min_delay": 8000,
      "max_delay": 16000,
      "replace_current_music": false
    },
    "additions_sound": {
      "sound": "minecraft:music.nether.crimson_forest.additions",
      "tick_chance": 0.0111
    },
    "mood_sound": {
      "sound": "minecraft:ambient.cave",
      "tick_delay": 6000,
      "block_search_extent": 8,
      "offset": 2.0
    }
  },
  "surface_builder": "vortex:wild_forest",
  "carvers": {
    "air": ["minecraft:cave", "minecraft:canyon"]
  },
  "features": [
    [],
    [],
    ["minecraft:amethyst_geode", "minecraft:forest_rock"],
    ["minecraft:monster_room", "minecraft:monster_room_deep"],
    [],
    [],
    [
      "minecraft:ore_dirt",
      "minecraft:ore_gravel",
      "minecraft:ore_granite_upper",
      "minecraft:ore_granite_lower",
      "minecraft:ore_diorite_upper",
      "minecraft:ore_diorite_lower",
      "minecraft:ore_andesite_upper",
      "minecraft:ore_andesite_lower",
      "minecraft:ore_tuff",
      "minecraft:ore_coal_upper",
      "minecraft:ore_coal_lower",
      "minecraft:ore_iron_upper",
      "minecraft:ore_iron_middle",
      "minecraft:ore_iron_small",
      "minecraft:ore_gold",
      "minecraft:ore_gold_lower",
      "minecraft:ore_redstone",
      "minecraft:ore_redstone_lower",
      "minecraft:ore_diamond",
      "minecraft:ore_diamond_large",
      "minecraft:ore_diamond_buried",
      "minecraft:ore_lapis",
      "minecraft:ore_lapis_buried",
      "minecraft:ore_copper",
      "minecraft:underwater_magma",
      "minecraft:disk_sand",
      "minecraft:disk_clay",
      "minecraft:disk_gravel"
    ],
    [],
    [],
    [
      "minecraft:glow_lichen",
      "minecraft:patch_large_fern",
      "minecraft:trees_old_growth_pine_taiga",
      "minecraft:trees_old_growth_spruce_taiga",
      "minecraft:flower_default",
      "minecraft:patch_grass_taiga",
      "minecraft:patch_dead_bush",
      "minecraft:brown_mushroom_old_growth",
      "minecraft:red_mushroom_old_growth",
      "minecraft:brown_mushroom_normal",
      "minecraft:red_mushroom_normal",
      "minecraft:patch_sugar_cane",
      "minecraft:patch_pumpkin",
      "minecraft:patch_berry_common",
      "minecraft:birch_tall",
      "minecraft:lush_caves_ceiling_vegetation",
      "minecraft:cave_vines",
      "minecraft:lush_caves_clay",
      "minecraft:lush_caves_vegetation",
      "minecraft:rooted_azalea_tree",
      "minecraft:spore_blossom",
      "minecraft:classic_vines_cave_feature",
      "minecraft:brown_mushroom_taiga",
      "minecraft:red_mushroom_taiga",
      "vortex:taiga/tall/trees_tall",
      "vortex:shrub/trees"
    ],
    []
  ],
  "spawn_costs": {},
  "spawners": {
    "monster": [
      {
        "type": "minecraft:spider",
        "weight": 100,
        "minCount": 4,
        "maxCount": 4
      },
      {
        "type": "minecraft:zombie",
        "weight": 100,
        "minCount": 4,
        "maxCount": 4
      },
      {
        "type": "minecraft:zombie_villager",
        "weight": 25,
        "minCount": 1,
        "maxCount": 1
      },
      {
        "type": "minecraft:skeleton",
        "weight": 100,
        "minCount": 4,
        "maxCount": 4
      },
      {
        "type": "minecraft:creeper",
        "weight": 100,
        "minCount": 3,
        "maxCount": 4
      },
      {
        "type": "minecraft:slime",
        "weight": 100,
        "minCount": 4,
        "maxCount": 4
      },
      {
        "type": "minecraft:enderman",
        "weight": 10,
        "minCount": 1,
        "maxCount": 4
      },
      {
        "type": "minecraft:witch",
        "weight": 5,
        "minCount": 1,
        "maxCount": 1
      }
    ],
    "creature": [
      {
        "type": "minecraft:sheep",
        "weight": 12,
        "minCount": 4,
        "maxCount": 4
      },
      {
        "type": "minecraft:pig",
        "weight": 10,
        "minCount": 4,
        "maxCount": 4
      },
      {
        "type": "minecraft:chicken",
        "weight": 10,
        "minCount": 4,
        "maxCount": 4
      },
      {
        "type": "minecraft:cow",
        "weight": 8,
        "minCount": 4,
        "maxCount": 4
      },
      {
        "type": "minecraft:wolf",
        "weight": 8,
        "minCount": 4,
        "maxCount": 4
      },
      {
        "type": "minecraft:rabbit",
        "weight": 4,
        "minCount": 2,
        "maxCount": 3
      },
      {
        "type": "minecraft:fox",
        "weight": 8,
        "minCount": 2,
        "maxCount": 4
      }
    ],
    "ambient": [
      {
        "type": "minecraft:bat",
        "weight": 10,
        "minCount": 1,
        "maxCount": 6
      }
    ],
    "axolotls": [],
    "underground_water_creature": [
      {
        "type": "minecraft:glow_squid",
        "weight": 10,
        "minCount": 4,
        "maxCount": 6
      }
    ],
    "water_creature": [],
    "water_ambient": [],
    "misc": []
  }
}
