{
  "type": "vortex:timberlands",
  "generator": {
    "biome_source": {
      "biomes": [
        {
          "parameters": {
            "erosion": [-1.0, -0.7799],
            "depth": 0.0,
            "weirdness": [0.7666, 0.9333],
            "offset": 0.3,
            "temperature": [-1.0, -0.45],
            "humidity": [-0.1, 0.1],
            "continentalness": 0.0
          },
          "biome": "vortex:wild_forest"
        }
      ],
      "type": "minecraft:multi_noise"
    },
    "seed": 0,
    "settings": "minecraft:overworld",
    "type": "minecraft:noise"
  }
}
